{"cameraMode":{"drawMode":0,"name":"Shaded","section":"Shading Mode"},"sceneLighting":true,"audioPlay":false,"sceneViewState":{"showFog":true,"showMaterialUpdate":false,"showSkybox":false,"showFlares":true,"showImageEffects":true,"showParticleSystems":true},"in2DMode":false,"pivot":{"x":-65.51524353027344,"y":-5.596831798553467,"z":2.1159133911132814},"rotation":{"x":-0.04209291934967041,"y":0.7309688925743103,"z":0.04526853561401367,"w":0.6796053647994995},"size":-29.96902084350586,"orthographic":false}